<?xml version="1.0" encoding="utf-8" standalone="no" ?>
<!-- 
	Usage:

	To localize the description, use the following format for the description element.
	<description>
	<text xml:lang="en">English App description goes here</text>
	<text xml:lang="fr">French App description goes here</text>
	<text xml:lang="ja">Japanese App description goes here</text>
	</description>

	To localize the name, use the following format for the name element.
	<name>
	<text xml:lang="en">English App name goes here</text>
	<text xml:lang="fr">French App name goes here</text>
	<text xml:lang="ja">Japanese App name goes here</text>
	</name>
-->
<application xmlns="http://ns.adobe.com/air/application/32.0">
  <id>Open-Tile-Packer</id>
  <versionNumber>0.0.2</versionNumber>
  <filename>Open Tile Packer</filename>
  <description/>
  <name>Open Tile Packer</name>
  <copyright>Dimensionscape LLC</copyright>
  <initialWindow>
    <content>data/run.dat</content>
    <systemChrome>standard</systemChrome>
    <transparent>false</transparent>
    <visible>true</visible>
    <fullScreen>false</fullScreen>
    <aspectRatio>portrait</aspectRatio>
    <renderMode>direct</renderMode>
    <maximizable>true</maximizable>
    <minimizable>true</minimizable>
    <resizable>true</resizable>
    <minSize>640 378</minSize></initialWindow>
  <icon>
    <image16x16>icons/16x16b.png</image16x16>
  </icon>
  <customUpdateUI>false</customUpdateUI>
  <allowBrowserInvocation>false</allowBrowserInvocation>
  <supportedProfiles>extendedDesktop </supportedProfiles></application>
